result_code,prompt_id,model_name,impact_area,model_output,token_count,timestamp,score,explanation
1020,GENDER_EQUALITY_PROMPT,gpt-4o-mini,Gender,"{ ""score"": 0, ""explanation"": ""The research focuses on climate adaptation practices for cocoa management and does not address gender equality or its implications. It primarily targets climate resilience for smallholder producers without considering gender dynamics or disparities, thus not aligning with CGIAR's gender equality objectives."" }",1894,2024-11-03 16:24:16.835568,,
1006,NUTRITION_PROMPT,gpt-4o-mini,Nutrition,"{ ""score"": 2, ""explanation"": ""The research focuses on the Women's Empowerment in Livestock Index (WELI), which directly addresses women's empowerment in livestock systems, enhancing household livelihoods and nutrition. This aligns with CGIAR's objectives of improving nutrition and food security by empowering women, making it a principal focus of the study."" }",1202,2024-11-03 16:24:17.150565,,
37,ENVIRONMENTAL_HEALTH_PROMPT,gpt-4o-mini,Environment,"{ ""score"": 2, ""explanation"": ""The research focuses on developing drought- and heat-resilient, biofortified bean varieties, which directly contributes to CGIAR's objectives of maintaining genetic diversity and improving environmental health through sustainable agricultural practices. The primary goal of the research is to enhance resilience in food systems, aligning closely with CGIAR's objectives."" }",2145,2024-11-03 16:24:17.192044,,
1006,ENVIRONMENTAL_HEALTH_PROMPT,gpt-4o-mini,Environment,"{ ""score"": 0, ""explanation"": ""The research primarily focuses on women's empowerment in livestock systems and does not address or contribute to CGIAR's objectives in environmental health or biodiversity. While it may indirectly impact livelihoods and nutrition, it lacks a direct connection to environmental health or biodiversity goals such as deforestation, genetic diversity, or conservation."" }",1232,2024-11-03 16:24:17.211979,,
37,GENDER_EQUALITY_PROMPT,gpt-4o-mini,Gender,"{ ""score"": 0, ""explanation"": ""The research primarily focuses on bean breeding for agricultural improvements, such as drought and heat resilience, without addressing gender equality or its implications. There are no significant references to gender dynamics, women's roles, or empowerment, which are essential for aligning with CGIAR's gender equality objectives."" }",2068,2024-11-03 16:24:17.220499,,
1006,GENDER_EQUALITY_PROMPT,gpt-4o-mini,Gender,"{ ""score"": 2, ""explanation"": ""The research focuses primarily on measuring and enhancing women's empowerment in livestock systems, directly aligning with CGIAR's objectives to promote gender equality. The development of the Women's Empowerment in Livestock Index (WELI) is specifically designed to assess and improve women's roles and opportunities in livestock, making gender equality the central goal of the study."" }",1155,2024-11-03 16:24:17.234119,,
37,NUTRITION_PROMPT,gpt-4o-mini,Nutrition,"{ ""score"": 2, ""explanation"": ""The research focuses on developing biofortified bean varieties that directly address nutrition by providing essential micronutrients and improving food security for over 200 million Africans. The primary objective is to enhance the nutritional quality of staple foods, aligning closely with CGIAR's goals of ending hunger and improving health outcomes."" }",2115,2024-11-03 16:24:17.331233,,
1020,NUTRITION_PROMPT,gpt-4o-mini,Nutrition,"{ ""score"": 1, ""explanation"": ""The research focuses on climate adaptation practices for cocoa management, which indirectly supports food security by enhancing the resilience of smallholder producers. However, the primary aim is not directly related to nutrition or health, making it a significant but not principal contribution to CGIAR's objectives."" }",1941,2024-11-03 16:24:17.485867,,
1020,ENVIRONMENTAL_HEALTH_PROMPT,gpt-4o-mini,Environment,"{ ""score"": 1, ""explanation"": ""The research focuses on climate adaptation practices for cocoa management, which contributes to environmental health by promoting sustainable agricultural practices. However, while it addresses climate resilience and adaptation, these are secondary to the primary goal of improving cocoa production. Thus, it is significant but not the principal focus of the research."" }",1971,2024-11-03 16:24:18.000386,,
3416,GENDER_EQUALITY_PROMPT,gpt-4o-mini,Gender,"{ ""score"": 0, ""explanation"": ""The research focuses on policy indicators and market analysis related to agri-food systems without addressing gender equality or its implications. It does not mention gender, women, or equality, and thus does not align with CGIAR's objectives in promoting gender equality."" }",1170,2024-11-03 16:24:18.124443,,
3416,ENVIRONMENTAL_HEALTH_PROMPT,gpt-4o-mini,Environment,"{ ""score"": 1, ""explanation"": ""The research focuses on assessing trade-offs and potential environmental impacts of scaling interventions in food value chains, which aligns with CGIAR's objectives of reducing environmental footprints. However, while it addresses environmental considerations, these are not the primary focus of the study, making it significant but not principal."" }",1247,2024-11-03 16:24:18.193110,,
4731,ENVIRONMENTAL_HEALTH_PROMPT,gpt-4o-mini,Environment,"{ ""score"": 1, ""explanation"": ""The research focuses on developing resilient and drought-adapted forage cultivars, which indirectly supports environmental health by promoting sustainable livestock practices and improving productivity. However, the primary aim is enhancing livestock productivity and livelihoods rather than directly addressing environmental health or biodiversity, thus it is tagged as 'Significant'."" }",4900,2024-11-03 16:24:18.508522,,
4731,GENDER_EQUALITY_PROMPT,gpt-4o-mini,Gender,"{ ""score"": 2, ""explanation"": ""The research primarily focuses on improving livestock productivity through resilient forage cultivars, explicitly linking its objectives to CGIAR's goals of enhancing livelihoods, nutrition, and gender inclusion. The mention of 'gender inclusion' in the initiative's title and its aim to empower women through improved livestock productivity indicates that gender equality is a central focus of the research."" }",4823,2024-11-03 16:24:18.610438,,
4731,NUTRITION_PROMPT,gpt-4o-mini,Nutrition,"{ ""score"": 2, ""explanation"": ""The research primarily focuses on developing resilient and drought-adapted forage cultivars to improve livestock productivity, which directly contributes to CGIAR's objectives in nutrition and food security. By enhancing animal feed, it aims to improve the livelihoods of households keeping small ruminants, thereby addressing nutritional outcomes and food availability."" }",4870,2024-11-03 16:24:18.645496,,
4771,GENDER_EQUALITY_PROMPT,gpt-4o-mini,Gender,"{ ""score"": 2, ""explanation"": ""The research primarily focuses on gender-responsive incubation and training for agripreneurs, explicitly aiming to empower women and youth in agribusiness. This aligns directly with CGIAR's objectives of closing the gender gap and providing opportunities, making gender equality the central goal of the study."" }",6018,2024-11-03 16:24:18.656556,,
3416,NUTRITION_PROMPT,gpt-4o-mini,Nutrition,"{ ""score"": 1, ""explanation"": ""The research focuses on assessing trade-offs and potential impacts of agricultural policies and innovations along food value chains, which indirectly supports CGIAR's objectives in food security and nutrition. However, these areas are not the primary focus of the study, as it primarily aims to analyze market and policy frameworks."" }",1217,2024-11-03 16:24:18.692119,,
5365,GENDER_EQUALITY_PROMPT,gpt-4o-mini,Gender,"{ ""score"": 1, ""explanation"": ""The research discusses pathways to inclusive and sustainable agrifood systems, highlighting employment and income, which are relevant to gender equality. While it mentions 'women' and 'gender,' these aspects are not the primary focus of the research. Therefore, it contributes meaningfully to CGIAR's gender equality objectives but does not center on them."" }",1539,2024-11-03 16:24:19.231054,,
4771,NUTRITION_PROMPT,gpt-4o-mini,Nutrition,"{ ""score"": 2, ""explanation"": ""The research primarily focuses on strengthening agribusinesses and improving smallholder access to inputs and services, which directly contributes to CGIAR's objectives of enhancing food and nutrition security. The emphasis on gender-responsive incubation and the delivery of technology packages specifically targets the improvement of livelihoods and nutrition among dairy farmers in Tanzania, aligning closely with CGIAR's goals."" }",6065,2024-11-03 16:24:19.455429,,
5569,GENDER_EQUALITY_PROMPT,gpt-4o-mini,Gender,"{ ""score"": 0, ""explanation"": ""The research focuses on maize breeding and market segment analysis without any mention of gender equality or its implications. It does not address CGIAR's objectives related to gender equality, such as closing the gender gap or providing opportunities for women."" }",1934,2024-11-03 16:24:19.528169,,
5365,NUTRITION_PROMPT,gpt-4o-mini,Nutrition,"{ ""score"": 1, ""explanation"": ""The research discusses pathways to improve jobs and incomes in agrifood systems, which indirectly supports CGIAR's objectives in nutrition, health, and food security by promoting equitable livelihoods. However, the primary focus is on employment and income rather than directly addressing nutrition or food security."" }",1586,2024-11-03 16:24:19.593127,,
4771,ENVIRONMENTAL_HEALTH_PROMPT,gpt-4o-mini,Environment,"{ ""score"": 0, ""explanation"": ""The research primarily focuses on strengthening agribusinesses and improving value chain linkages in Tanzania, with no direct emphasis on environmental health or biodiversity objectives set by CGIAR. While it may indirectly support agricultural productivity, it does not address issues like deforestation, water use, or genetic diversity, which are central to CGIAR's goals."" }",6095,2024-11-03 16:24:19.626199,,
5569,NUTRITION_PROMPT,gpt-4o-mini,Nutrition,"{ ""score"": 1, ""explanation"": ""The research focuses on refining maize market segments and defining target product profiles, which indirectly supports food security by aligning breeding efforts with national needs. However, the primary aim is not directly addressing nutrition or health, thus it is categorized as significant."" }",1981,2024-11-03 16:24:19.705099,,
5365,ENVIRONMENTAL_HEALTH_PROMPT,gpt-4o-mini,Environment,"{ ""score"": 0, ""explanation"": ""The research focuses on employment and income within agrifood systems, which does not directly address CGIAR's objectives related to environmental health or biodiversity. While it mentions sustainability, it does not provide insights or strategies specifically aimed at environmental health or biodiversity conservation."" }",1616,2024-11-03 16:24:19.717138,,
5569,ENVIRONMENTAL_HEALTH_PROMPT,gpt-4o-mini,Environment,"{ ""score"": 0, ""explanation"": ""The research primarily focuses on refining market segments and target product profiles for maize breeding in Zambia, with no direct mention or contribution to environmental health or biodiversity objectives set by CGIAR. It does not address issues like deforestation, conservation, or genetic diversity, which are central to CGIAR's goals."" }",2011,2024-11-03 16:24:19.904788,,
5840,NUTRITION_PROMPT,gpt-4o-mini,Nutrition,"{ ""score"": 0, ""explanation"": ""The research result focuses solely on digital data collection methods for groundwater monitoring, which does not address or contribute to CGIAR's objectives in nutrition, health, or food security. There are no relevant keywords or implications related to these areas."" }",1161,2024-11-03 16:24:20.279817,,
5840,GENDER_EQUALITY_PROMPT,gpt-4o-mini,Gender,"{ ""score"": 0, ""explanation"": ""The research result focuses solely on digital data collection methods for groundwater monitoring and does not address or contribute to CGIAR's gender equality objectives. There are no references to gender, women, or equality, indicating that it is unrelated to gender-related issues."" }",1114,2024-11-03 16:24:20.355221,,
6115,NUTRITION_PROMPT,gpt-4o-mini,Nutrition,"{ ""score"": 1, ""explanation"": ""The research focuses on digital tools for sustainable rice production, which indirectly supports food security by improving agricultural practices. However, the primary aim is not directly related to nutrition or health, making it a significant but not principal contribution to CGIAR's objectives."" }",6839,2024-11-03 16:24:20.996245,,
5840,ENVIRONMENTAL_HEALTH_PROMPT,gpt-4o-mini,Environment,"{ ""score"": 0, ""explanation"": ""The research result focuses solely on the technical aspects of digital data collection for groundwater monitoring without addressing environmental health or biodiversity objectives. It does not contribute to CGIAR's goals related to water use, conservation, or biodiversity."" }",1191,2024-11-03 16:24:21.136336,,
6182,NUTRITION_PROMPT,gpt-4o-mini,Nutrition,"{ ""score"": 1, ""explanation"": ""The research focuses on small ruminant keepers' knowledge and practices regarding peste des petits ruminants (PPR), which is relevant to animal health and indirectly impacts food security by addressing livestock disease control. However, the primary focus is on knowledge and attitudes rather than directly on nutrition or food security, thus it is significant but not principal."" }",2265,2024-11-03 16:24:21.175956,,
6115,GENDER_EQUALITY_PROMPT,gpt-4o-mini,Gender,"{ ""score"": 1, ""explanation"": ""The research focuses on digital tools for sustainable rice production, which indirectly supports gender equality by promoting inclusive practices. However, gender equality is not the primary focus of the study, as it mainly addresses agricultural efficiency and sustainability."" }",6792,2024-11-03 16:24:21.216545,,
6115,ENVIRONMENTAL_HEALTH_PROMPT,gpt-4o-mini,Environment,"{ ""score"": 1, ""explanation"": ""The research focuses on sustainable rice production and the use of digital tools to improve agricultural practices in the Mekong Delta, which indirectly supports environmental health and biodiversity. While it addresses sustainability challenges and climate change impacts, these aspects are secondary to the primary goal of enhancing agricultural efficiency and productivity."" }",6869,2024-11-03 16:24:21.304885,,
6182,GENDER_EQUALITY_PROMPT,gpt-4o-mini,Gender,"{ ""score"": 0, ""explanation"": ""The research focuses on small ruminant keepers' knowledge and practices regarding peste des petits ruminants (PPR) in West Africa, without addressing gender dynamics or implications. It does not contribute to CGIAR's gender equality objectives, as it does not consider gender roles or disparities in the context of livestock management."" }",2218,2024-11-03 16:24:21.324933,,
6253,GENDER_EQUALITY_PROMPT,gpt-4o-mini,Gender,"{ ""score"": 0, ""explanation"": ""The research focuses on conservation agriculture and its impacts on soil health and climate change mitigation, without addressing gender equality or the specific roles and challenges faced by women in agriculture. It does not align with CGIAR's gender equality objectives."" }",2244,2024-11-03 16:24:21.511948,,
6182,ENVIRONMENTAL_HEALTH_PROMPT,gpt-4o-mini,Environment,"{ ""score"": 1, ""explanation"": ""The research focuses on small ruminant keepers' knowledge and practices regarding peste des petits ruminants (PPR), which is relevant to animal health and disease control. While it contributes to understanding livestock management and disease prevention, it does not primarily target environmental health or biodiversity objectives set by CGIAR. Thus, it is significant but not the main focus."" }",2295,2024-11-03 16:24:21.601412,,
6253,NUTRITION_PROMPT,gpt-4o-mini,Nutrition,"{ ""score"": 1, ""explanation"": ""The research focuses on Conservation Agriculture (CA) and its impact on soil health and climate change, which indirectly supports food security by improving nutrient availability and sustainable crop production. However, while it addresses important aspects related to nutrition and health, these are not the primary objectives of the study, thus warranting a score of 1 (Significant)."" }",2291,2024-11-03 16:24:22.429497,,
6328,NUTRITION_PROMPT,gpt-4o-mini,Nutrition,"{ ""score"": 1, ""explanation"": ""The research focuses on developing a phenotyping protocol for sweet potato virus disease (SPVD) and identifying resistant genotypes, which indirectly supports food security by enhancing sweet potato production. However, the primary aim is not directly related to nutrition or health, making it a significant but not principal contribution to CGIAR's objectives."" }",2563,2024-11-03 16:24:22.432499,,
6461,GENDER_EQUALITY_PROMPT,gpt-4o-mini,Gender,"{ ""score"": 0, ""explanation"": ""The research focuses on governance and sustainability in the aquaculture sector without addressing gender equality or its implications. It does not mention gender dynamics, women's roles, or any specific objectives related to CGIAR's goals for promoting gender equality."" }",2524,2024-11-03 16:24:22.568940,,
6328,GENDER_EQUALITY_PROMPT,gpt-4o-mini,Gender,"{ ""score"": 0, ""explanation"": ""The research focuses solely on developing a phenotyping protocol for sweet potato virus disease and identifying resistant genotypes. It does not address or contribute to CGIAR's gender equality objectives, as there is no mention of gender roles, women's access to resources, or any implications for gender equality."" }",2516,2024-11-03 16:24:22.614137,,
6461,NUTRITION_PROMPT,gpt-4o-mini,Nutrition,"{ ""score"": 1, ""explanation"": ""The research focuses on governance in aquaculture, which indirectly relates to sustainability and food security. While it addresses interconnected sustainability issues, nutrition and health are not the primary objectives, making it a significant but not principal contribution to CGIAR's goals."" }",2571,2024-11-03 16:24:22.666665,,
6328,ENVIRONMENTAL_HEALTH_PROMPT,gpt-4o-mini,Environment,"{ ""score"": 1, ""explanation"": ""The research focuses on developing a phenotyping protocol for sweet potato virus disease resistance, which indirectly supports biodiversity by enhancing the resilience of sweet potato varieties. However, the primary aim is not explicitly aligned with CGIAR's environmental health or biodiversity objectives, making it significant but not principal."" }",2593,2024-11-03 16:24:22.702349,,
6461,ENVIRONMENTAL_HEALTH_PROMPT,gpt-4o-mini,Environment,"{ ""score"": 1, ""explanation"": ""The research focuses on governance in aquaculture to promote sustainability transformations, addressing social and environmental impacts. While it contributes to environmental health and biodiversity, these aspects are not the primary focus, making it significant but not principal."" }",2601,2024-11-03 16:24:22.827148,,
6253,ENVIRONMENTAL_HEALTH_PROMPT,gpt-4o-mini,Environment,"{ ""score"": 2, ""explanation"": ""The research primarily focuses on Conservation Agriculture (CA) as a solution for enhancing soil health and mitigating climate change, which directly aligns with CGIAR's objectives of promoting soil restoration and managing environmental health. The study emphasizes the importance of soil organic carbon and its role in sustainable agricultural practices, making environmental health and biodiversity the central goals of the research."" }",2321,2024-11-03 16:24:22.939972,,
6588,NUTRITION_PROMPT,gpt-4o-mini,Nutrition,"{ ""score"": 1, ""explanation"": ""The research addresses the impact of climate change on banana pests and diseases, which are significant constraints to banana production, thereby indirectly contributing to food security. However, the primary focus is on pest and disease dynamics rather than directly on nutrition or health outcomes, justifying a score of 1 (Significant)."" }",2389,2024-11-03 16:24:23.753237,,
6753,NUTRITION_PROMPT,gpt-4o-mini,Nutrition,"{ ""score"": 1, ""explanation"": ""The research focuses on climate resilience and food security in major Asian river delta areas, which aligns with CGIAR's objectives. However, while it contributes to food security, the primary focus is on climate adaptation rather than directly addressing nutrition or health, thus warranting a score of 1 (Significant)."" }",1193,2024-11-03 16:24:23.811080,,
6588,ENVIRONMENTAL_HEALTH_PROMPT,gpt-4o-mini,Environment,"{ ""score"": 1, ""explanation"": ""The research addresses the impact of climate change on banana pests and diseases, which indirectly relates to environmental health and biodiversity by highlighting the vulnerability of agricultural systems. However, the primary focus is on pest management rather than directly targeting CGIAR's objectives in environmental health or biodiversity."" }",2419,2024-11-03 16:24:23.844186,,
6753,GENDER_EQUALITY_PROMPT,gpt-4o-mini,Gender,"{ ""score"": 0, ""explanation"": ""The research result focuses on climate finance and food security initiatives without addressing gender equality or its implications. It does not mention gender roles, disparities, or opportunities for women, thus not aligning with CGIAR's specific gender equality objectives."" }",1146,2024-11-03 16:24:23.854153,,
8331,GENDER_EQUALITY_PROMPT,gpt-4o-mini,Gender,"{ ""score"": 2, ""explanation"": ""The research primarily focuses on promoting gender equality by explicitly targeting women and marginalized communities for access to farm mechanization and financial services. It demonstrates a clear intention to address disparities in economic resources and empower women through business opportunities, aligning directly with CGIAR's objectives of closing the gender gap and providing opportunities."" }",1180,2024-11-03 16:24:23.859166,,
6753,ENVIRONMENTAL_HEALTH_PROMPT,gpt-4o-mini,Environment,"{ ""score"": 1, ""explanation"": ""The research focuses on climate resilience and food security in major Asian river delta areas, which indirectly supports environmental health and biodiversity by addressing climate change impacts. However, the primary focus is on food security and resilience rather than directly targeting environmental health or biodiversity objectives set by CGIAR."" }",1223,2024-11-03 16:24:23.909403,,
6588,GENDER_EQUALITY_PROMPT,gpt-4o-mini,Gender,"{ ""score"": 0, ""explanation"": ""The research focuses on the impact of altitude and temperature on banana pests and diseases, which is primarily related to agricultural productivity and climate change. It does not address gender equality or the specific objectives of CGIAR regarding women's rights, access to resources, or gender inclusivity. Therefore, it is not targeted towards gender equality."" }",2342,2024-11-03 16:24:23.948039,,
8331,NUTRITION_PROMPT,gpt-4o-mini,Nutrition,"{ ""score"": 1, ""explanation"": ""The research focuses on improving access to farm mechanization and services for women and marginalized communities, which indirectly supports food security by enhancing agricultural productivity. However, the primary aim is not directly related to nutrition or health, making it a significant but not principal contribution to CGIAR's objectives."" }",1227,2024-11-03 16:24:23.977775,,
8331,ENVIRONMENTAL_HEALTH_PROMPT,gpt-4o-mini,Environment,"{ ""score"": 0, ""explanation"": ""The research primarily focuses on improving access to farm mechanization and supporting women's entrepreneurship in agriculture, without addressing environmental health or biodiversity objectives. There are no significant implications for CGIAR's goals related to water use, deforestation, or biodiversity conservation."" }",1257,2024-11-03 16:24:24.718457,,
8384,NUTRITION_PROMPT,gpt-4o-mini,Nutrition,"{ ""score"": 1, ""explanation"": ""The research focuses on improving livestock advisories through data analysis related to climate hazards, which indirectly supports food security by enhancing livestock productivity. However, the primary aim is not directly aligned with CGIAR's objectives in nutrition, health, or food security, making it a significant but not principal contribution."" }",10176,2024-11-03 16:24:25.304248,,
8384,GENDER_EQUALITY_PROMPT,gpt-4o-mini,Gender,"{ ""score"": 0, ""explanation"": ""The research primarily focuses on analyzing messaging patterns and climate hazard data related to livestock advisories without addressing gender equality or its implications. There are no significant references to gender dynamics, women's roles, or empowerment, which are essential for aligning with CGIAR's gender equality objectives."" }",10129,2024-11-03 16:24:25.348023,,
8384,ENVIRONMENTAL_HEALTH_PROMPT,gpt-4o-mini,Environment,"{ ""score"": 1, ""explanation"": ""The research focuses on improving livestock advisories through data analysis related to climate hazards, which indirectly supports environmental health and biodiversity by addressing the impacts of climate change on livestock productivity. However, the primary goal is not explicitly centered on environmental health or biodiversity, making it significant but not principal."" }",10206,2024-11-03 16:24:25.531759,,
